{"cameraMode":{"drawMode":0,"name":"Shaded","section":"Shading Mode"},"sceneLighting":false,"audioPlay":false,"sceneViewState":{"showFog":true,"showMaterialUpdate":false,"showSkybox":false,"showFlares":true,"showImageEffects":true,"showParticleSystems":true},"in2DMode":false,"pivot":{"x":8.59000015258789,"y":12.279999732971192,"z":2.5999999046325685},"rotation":{"x":-0.10239100456237793,"y":-0.37922725081443789,"z":-0.04226795956492424,"w":0.918649435043335},"size":3.5234365463256838,"orthographic":false}