{"cameraMode":{"drawMode":0,"name":"Shaded","section":"Shading Mode"},"sceneLighting":false,"audioPlay":false,"sceneViewState":{"showFog":true,"showMaterialUpdate":false,"showSkybox":false,"showFlares":true,"showImageEffects":true,"showParticleSystems":true},"in2DMode":false,"pivot":{"x":235.214111328125,"y":98.72566223144531,"z":-126.88180541992188},"rotation":{"x":-0.10239100456237793,"y":-0.37922725081443789,"z":-0.04226795956492424,"w":0.918649435043335},"size":44.49215316772461,"orthographic":false}